{"d0ce3_":71055.516,"MaxiVelasques":2294672.0,"Lauti":79.31,"RdeRama":1511.8613,"BlackRaven321":49.24415,"asdas":169.06886}